title,publication,canonical_publication,date,language,category,original_url,source_row,status
Terrorism Seen from Londonistan,Peacereporter.net,PeaceReporter.net,2005-08-18,unknown,Politics,http://www.peacereporter.net/dettaglio_articolo.php?idart=3462,3,master-list; not in Squarespace portfolio
Le bombe viste dal Londonistan,Peacereporter.net,PeaceReporter.net,2005-08-11,unknown,Politics,http://www.peacereporter.net/dettaglio_articolo.php?idart=3444,4,master-list; not in Squarespace portfolio
Meglio non parlarne,Peacereporter.net,PeaceReporter.net,2005-10-17,unknown,Politics,http://www.peacereporter.net/dettaglio_articolo.php?idart=3790,5,master-list; not in Squarespace portfolio
"A.M., the - The A.M.",Kronic.it,Kronic,2003-12-17,unknown,Music reviews,http://www.kronic.it/artGet.aspx?aID=2&sID=9235,3,master-list; not in Squarespace portfolio
"A.M., the - The A.M.",Dedication.it,Dedication.it,2003-09-16,unknown,Music reviews,http://www.dedication.it/trlist-the_am.htm,4,master-list; not in Squarespace portfolio
AA.VV. - Everything comes and goes,Musicboom.it,MusicBoom,2005-12-25,unknown,Music reviews,http://www.musicboom.it/mostra_recensioni.php?Unico=20051107044640,5,master-list; not in Squarespace portfolio
Acid Brains - The End Of The Show,Dedication.it,Dedication.it,2004-08-08,unknown,Music reviews,http://www.dedication.it/trlist-acidbrains.htm,6,master-list; not in Squarespace portfolio
Adom - Idiot Savant,Dedication.it,Dedication.it,2003-09-03,unknown,Music reviews,http://www.dedication.it/trlist-adom.htm,7,master-list; not in Squarespace portfolio
Adventure In Time - Dreams of Water Themes,Musicboom.it,MusicBoom,2004-03-01,unknown,Music reviews,http://www.musicboom.it/mostra_recensioni.php?Unico=20040223232114,8,master-list; not in Squarespace portfolio
Aeternus - Hexaeon,Kronic.it,Kronic,2006-05-24,unknown,Music reviews,http://www.kronic.it/artGet.aspx?aID=2&sID=13385,9,master-list; not in Squarespace portfolio
Agoraphobic Nosebleed - Altered States Of America,Dedication.it,Dedication.it,2004-01-28,unknown,Music reviews,http://www.dedication.it/trlist-agoraph.htm,10,master-list; not in Squarespace portfolio
Alephra - Sands,Musicboom.it,MusicBoom,2004-03-14,unknown,Music reviews,http://www.musicboom.it/mostra_recensioni.php?Unico=20040302222636,11,master-list; not in Squarespace portfolio
Alternative Allstars - 110% Rock,RockOn.it,RockOn.it,2004-07-19,unknown,Music reviews,http://www.rockon.it/modules.php?name=Reviews&rop=showcontent&id=669,12,master-list; not in Squarespace portfolio
Angra - Aurora Consurgens ,Kronic.it,Kronic,2006-10-30,unknown,Music reviews,http://www.kronic.it/artGet.aspx?aID=2&sID=14102,13,master-list; not in Squarespace portfolio
Atreyu - A Death Grip On Yesterday,Kronic.it,Kronic,2006-04-04,unknown,Music reviews,http://www.kronic.it/artGet.aspx?aID=2&sID=13147,14,master-list; not in Squarespace portfolio
B.B.A. - B.B.A.,Dedication.it,Dedication.it,2004-04-16,unknown,Music reviews,http://www.dedication.it/trlist-bba.htm,15,master-list; not in Squarespace portfolio
"Barker, Sophie - Earthbound",Musicboom.it,MusicBoom,2005-10-07,unknown,Music reviews,http://www.musicboom.it/mostra_recensioni.php?Unico=20051006043804,16,master-list; not in Squarespace portfolio
"Barlow, Andy - Back To Mine - The Voodoo Sessions",Musicboom.it,MusicBoom,2004-09-08,unknown,Music reviews,http://www.musicboom.it/mostra_recensioni.php?Unico=20040831053958,17,master-list; not in Squarespace portfolio
Bikini Atoll - Moratoria,Musicboom.it,MusicBoom,2004-03-12,unknown,Music reviews,http://www.musicboom.it/mostra_recensioni.php?Unico=20040304201622,18,master-list; not in Squarespace portfolio
Black Eyes - Cough,Musicboom.it,MusicBoom,2004-12-30,unknown,Music reviews,http://www.musicboom.it/mostra_recensioni.php?Unico=20041229074832,19,master-list; not in Squarespace portfolio
Black Heart Procession - In the fishtank Vol. 11,Musicboom.it,MusicBoom,2004-06-05,unknown,Music reviews,http://www.musicboom.it/mostra_recensioni.php?Unico=20040605060118,20,master-list; not in Squarespace portfolio
Bolt Thrower - Those once loyal,Musicboom.it,MusicBoom,2005-01-17,unknown,Music reviews,http://www.musicboom.it/mostra_recensioni.php?Unico=20051223035146,21,master-list; not in Squarespace portfolio
"Bright Eyes & Neva Dinova - One Jug Of Wine, Two Vessels",Musicboom.it,MusicBoom,2004-07-03,unknown,Music reviews,http://www.musicboom.it/mostra_recensioni.php?Unico=20040702023310,22,master-list; not in Squarespace portfolio
Brightblack - Ala.Cali.Tucky,Musicboom.it,MusicBoom,2004-07-10,unknown,Music reviews,http://www.musicboom.it/mostra_recensioni.php?Unico=20040706045846,23,master-list; not in Squarespace portfolio
"Brinkmann, Thomas - Tokyo +1",Musicboom.it,MusicBoom,2004-08-14,unknown,Music reviews,http://www.musicboom.it/mostra_recensioni.php?Unico=20040731195809,24,master-list; not in Squarespace portfolio
British Sea Power - The decline of British Sea Power,Kronic.it,Kronic,2004-01-27,unknown,Music reviews,http://www.kronic.it/artGet.aspx?aID=2&sID=9431,25,master-list; not in Squarespace portfolio
Catacombs - In The Depths Of R`lyeh,Kronic.it,Kronic,2006-05-13,unknown,Music reviews,http://www.kronic.it/artGet.aspx?aID=2&sID=13347,26,master-list; not in Squarespace portfolio
Centinex - Decadence - Prophecies Of Cosmic Chaos,Musicboom.it,MusicBoom,2004-05-05,unknown,Music reviews,http://www.musicboom.it/mostra_recensioni.php?Unico=20040501191434,27,master-list; not in Squarespace portfolio
Children Of Bodom - Are you dead yet ?,Musicboom.it,MusicBoom,2006-03-11,unknown,Music reviews,http://www.musicboom.it/mostra_recensioni.php?Unico=20060128053637,28,master-list; not in Squarespace portfolio
"CKeline, Christian - Real Ghosts",Musicboom.it,MusicBoom,2004-06-03,unknown,Music reviews,http://www.musicboom.it/mostra_recensioni.php?Unico=20040603051127,29,master-list; not in Squarespace portfolio
Clouds Of Norah - Every Character Vs. My Criteria,RockOn.it,RockOn.it,2004-07-13,unknown,Music reviews,http://www.rockon.it/modules.php?name=Reviews&rop=showcontent&id=666,30,master-list; not in Squarespace portfolio
Concept - Reason and truth ,Musicboom.it,MusicBoom,2004-03-22,unknown,Music reviews,http://www.musicboom.it/mostra_recensioni.php?Unico=20040311105037,31,master-list; not in Squarespace portfolio
Da Pulka - Da pulka,Musicboom.it,MusicBoom,2005-12-04,unknown,Music reviews,http://www.musicboom.it/mostra_recensioni.php?Unico=20051031200942,32,master-list; not in Squarespace portfolio
"Dälek and Faust - Derbe Respect, Alder",Musicboom.it,MusicBoom,2004-05-31,unknown,Music reviews,http://www.musicboom.it/mostra_recensioni.php?Unico=20040531003439,33,master-list; not in Squarespace portfolio
Dark Tranquillity - Character,Dedication.it,Dedication.it,2005-02-07,unknown,Music reviews,http://www.dedication.it/trlist-dark_tranq.htm,34,master-list; not in Squarespace portfolio
Dark Tranquillity - Exposure (In retrospect and denial),Musicboom.it,MusicBoom,2004-07-26,unknown,Music reviews,http://www.musicboom.it/mostra_recensioni.php?Unico=20040719004553,35,master-list; not in Squarespace portfolio
"Darkness, the - Permission to land",Musicboom.it,MusicBoom,2004-01-01,unknown,Music reviews,http://www.musicboom.it/mostra_recensioni.php?Unico=20040101232901,36,master-list; not in Squarespace portfolio
Darkthrone - The Cult Is Alive,Kronic.it,Kronic,2006-03-28,unknown,Music reviews,http://www.kronic.it/artGet.aspx?aID=2&sID=13116,37,master-list; not in Squarespace portfolio
Deadbeat - New World Observer,Musicboom.it,MusicBoom,2005-11-02,unknown,Music reviews,http://www.musicboom.it/mostra_recensioni.php?Unico=20051005041932,38,master-list; not in Squarespace portfolio
"Deadbeat - Something Borrowed, Something Blue",Musicboom.it,MusicBoom,2004-05-04,unknown,Music reviews,http://www.musicboom.it/mostra_recensioni.php?Unico=20040501061402,39,master-list; not in Squarespace portfolio
Deadman - Our eternal ghosts,Musicboom.it,MusicBoom,2005-12-12,unknown,Music reviews,http://www.musicboom.it/mostra_recensioni.php?Unico=20051223043449,40,master-list; not in Squarespace portfolio
Deflore - Human Indu[b]strial,Kronic.it,Kronic,2006-05-16,unknown,Music reviews,http://www.kronic.it/artGet.aspx?aID=2&sID=13364,41,master-list; not in Squarespace portfolio
Depeche Mode - Playing the angel,Musicboom.it,MusicBoom,2005-10-26,unknown,Music reviews,http://www.musicboom.it/mostra_recensioni.php?Unico=20051025074109,42,master-list; not in Squarespace portfolio
Diecast - Internal revolution,Kronic.it,Kronic,2007-02-18,unknown,Music reviews,http://www.kronic.it/artGet.aspx?aID=2&sID=14623,43,master-list; not in Squarespace portfolio
"Dillinger Escape Plan, the - Miss Machine",Dedication.it,Dedication.it,2004-08-10,unknown,Music reviews,http://www.dedication.it/trlist-dep2.htm,44,master-list; not in Squarespace portfolio
Dir En Grey - Vulgar,Kronic.it,Kronic,2006-10-14,unknown,Music reviews,http://www.kronic.it/artGet.aspx?aID=2&sID=14005,45,master-list; not in Squarespace portfolio
Disorder - EneMYself,Dedication.it,Dedication.it,2004-03-16,unknown,Music reviews,http://www.dedication.it/trlist-disorder.htm,46,master-list; not in Squarespace portfolio
Duskfall - Lifetime supply of guilt,Musicboom.it,MusicBoom,2006-03-22,unknown,Music reviews,http://www.musicboom.it/mostra_recensioni.php?Unico=20060201063934,47,master-list; not in Squarespace portfolio
Dustsucker - Jack Knife Rendezvous,Kronic.it,Kronic,2006-10-20,unknown,Music reviews,http://www.kronic.it/artGet.aspx?aID=2&sID=14032,48,master-list; not in Squarespace portfolio
"Ellesmere, David - Rites of spring",Musicboom.it,MusicBoom,2004-12-28,unknown,Music reviews,http://www.musicboom.it/mostra_recensioni.php?Unico=20041227222106,49,master-list; not in Squarespace portfolio
"Ellis, Rob - Music for the home vol. 2",Musicboom.it,MusicBoom,2005-02-01,unknown,Music reviews,http://www.musicboom.it/mostra_recensioni.php?Unico=20050201043147,50,master-list; not in Squarespace portfolio
End Of Level Boss - Prologue,Musicboom.it,MusicBoom,2006-03-01,unknown,Music reviews,http://www.musicboom.it/mostra_recensioni.php?Unico=20060201043456,51,master-list; not in Squarespace portfolio
Entwine - DiEversity,Musicboom.it,MusicBoom,2004-06-01,unknown,Music reviews,http://www.musicboom.it/mostra_recensioni.php?Unico=20040530030651,52,master-list; not in Squarespace portfolio
Fantômas - Delirium Cordia,Musicboom.it,MusicBoom,2004-02-04,unknown,Music reviews,http://www.musicboom.it/mostra_recensioni.php?Unico=20040130162559,53,master-list; not in Squarespace portfolio
Fantômas - Suspended animation,Musicboom.it,MusicBoom,2005-05-14,unknown,Music reviews,http://www.musicboom.it/mostra_recensioni.php?Unico=20050513055918,54,master-list; not in Squarespace portfolio
Farmer Boys – The Other Side,RockOn.it,RockOn.it,2004-03-10,unknown,Music reviews,http://www.rockon.it/modules.php?name=Reviews&rop=showcontent&id=549,55,master-list; not in Squarespace portfolio
Faun Fables - Family album,Musicboom.it,MusicBoom,2004-05-02,unknown,Music reviews,http://www.musicboom.it/mostra_recensioni.php?Unico=20040501070635,56,master-list; not in Squarespace portfolio
Fear Factory - Archetype,Kronic.it,Kronic,2004-04-20,unknown,Music reviews,http://www.kronic.it/artGet.aspx?aID=2&sID=9905,57,master-list; not in Squarespace portfolio
Fony - Circles,Dedication.it,Dedication.it,2004-04-01,unknown,Music reviews,http://www.dedication.it/trlist-fony.htm,58,master-list; not in Squarespace portfolio
Four Square - Three Chords...One Capo,Musicboom.it,MusicBoom,2004-03-28,unknown,Music reviews,http://www.musicboom.it/mostra_recensioni.php?Unico=20040309230259,59,master-list; not in Squarespace portfolio
Funeral For A Friend - Casually dressed and deep in conversation,Musicboom.it,MusicBoom,2004-02-25,unknown,Music reviews,http://www.musicboom.it/mostra_recensioni.php?Unico=20040216151427,60,master-list; not in Squarespace portfolio
Funeral For A Friend - Casually Dressed And Deep In Conversation,Kronic.it,Kronic,2004-02-16,unknown,Music reviews,http://www.kronic.it/artGet.aspx?aID=2&sID=9524,61,master-list; not in Squarespace portfolio
Girls in Hawaii - From here to there ,Musicboom.it,MusicBoom,2004-05-01,unknown,Music reviews,http://www.musicboom.it/mostra_recensioni.php?Unico=20040428070507,62,master-list; not in Squarespace portfolio
Goatwhore - A haunting curse,Kronic.it,Kronic,2006-10-15,unknown,Music reviews,http://www.kronic.it/artGet.aspx?aID=2&sID=14006,63,master-list; not in Squarespace portfolio
Golem - Dreamweaver ,Kronic.it,Kronic,2004-07-20,unknown,Music reviews,http://www.kronic.it/artGet.aspx?aID=2&sID=10462,64,master-list; not in Squarespace portfolio
Grave - Fiendish regression,Musicboom.it,MusicBoom,2004-08-30,unknown,Music reviews,http://www.musicboom.it/mostra_recensioni.php?Unico=20040816010109,65,master-list; not in Squarespace portfolio
"Grubbs, David - A guest at the riddle",Musicboom.it,MusicBoom,2004-09-13,unknown,Music reviews,http://www.musicboom.it/mostra_recensioni.php?Unico=20040912185956,66,master-list; not in Squarespace portfolio
"Hammerfall - Chapter V: Unbent, Unbowed, Unbroken",Musicboom.it,MusicBoom,2005-03-18,unknown,Music reviews,http://www.musicboom.it/mostra_recensioni.php?Unico=20050317230944,67,master-list; not in Squarespace portfolio
Hatebreed - Supremacy,Kronic.it,Kronic,2006-11-02,unknown,Music reviews,http://www.kronic.it/artGet.aspx?aID=2&sID=14088,68,master-list; not in Squarespace portfolio
Hatesphere - Ballet Of The Brute,Kronic.it,Kronic,2004-07-15,unknown,Music reviews,http://www.kronic.it/artGet.aspx?aID=2&sID=10433,69,master-list; not in Squarespace portfolio
"Hearse - Armageddon, mon amour",Musicboom.it,MusicBoom,2004-07-20,unknown,Music reviews,http://www.musicboom.it/mostra_recensioni.php?Unico=20040717220727,70,master-list; not in Squarespace portfolio
Helloween - Keeper Of The Seven Keys - The Legacy,Musicboom.it,MusicBoom,2006-01-31,unknown,Music reviews,http://www.musicboom.it/mostra_recensioni.php?Unico=20060130033538,71,master-list; not in Squarespace portfolio
Himsa - Courting tragedy and disaster,Kronic.it,Kronic,2003-09-09,unknown,Music reviews,http://www.kronic.it/artGet.aspx?aID=2&sID=8641,72,master-list; not in Squarespace portfolio
Himsa - Courting tragedy and disaster,Nerds Attack !,Nerds Attack!,2003-09-05,unknown,Music reviews,http://www.musicaroma.it/nerds/articolone.asp?ID=558,73,master-list; not in Squarespace portfolio
Himsa - Courting tragedy and disaster,Dedication.it,Dedication.it,2003-08-02,unknown,Music reviews,http://www.dedication.it/trlist-himsa.htm,74,master-list; not in Squarespace portfolio
Hypocrisy - Virus,Musicboom.it,MusicBoom,2005-12-21,unknown,Music reviews,http://www.musicboom.it/mostra_recensioni.php?Unico=20051126044444,75,master-list; not in Squarespace portfolio
I Am The World Trade center - The cover up,Musicboom.it,MusicBoom,2004-09-15,unknown,Music reviews,http://www.musicboom.it/mostra_recensioni.php?Unico=20040912232023,76,master-list; not in Squarespace portfolio
Illdisposed - Burn me wicked,Kronic.it,Kronic,2003-10-13,unknown,Music reviews,http://www.kronic.it/artGet.aspx?aID=2&sID=14007,77,master-list; not in Squarespace portfolio
In Flames - Soundtrack To Your Escape,Kronic.it,Kronic,2004-04-12,unknown,Music reviews,http://www.kronic.it/artGet.aspx?aID=2&sID=9843,78,master-list; not in Squarespace portfolio
Incubus - A crow left out of murder,Kronic.it,Kronic,2004-02-12,unknown,Music reviews,http://www.kronic.it/artGet.aspx?aID=2&sID=9508,79,master-list; not in Squarespace portfolio
Inferno - Inferno,Kronic.it,Kronic,2004-01-19,unknown,Music reviews,http://www.kronic.it/artGet.aspx?aID=2&sID=9401,80,master-list; not in Squarespace portfolio
Innocent X - Haut/bas,Musicboom.it,MusicBoom,2004-07-22,unknown,Music reviews,http://www.musicboom.it/mostra_recensioni.php?Unico=20040718175812,81,master-list; not in Squarespace portfolio
Iron maiden - Dance of death,Musicboom.it,MusicBoom,2004-01-06,unknown,Music reviews,http://www.musicboom.it/mostra_recensioni.php?Unico=20040105192930,82,master-list; not in Squarespace portfolio
IV Luna - Anteroom,Kronic.it,Kronic,2006-10-29,unknown,Music reviews,http://www.kronic.it/artGet.aspx?aID=2&sID=14090,83,master-list; not in Squarespace portfolio
Karate - Pockets,Kronic.it,Kronic,2004-09-17,unknown,Music reviews,http://www.kronic.it/artGet.aspx?aID=2&sID=10672,84,master-list; not in Squarespace portfolio
Keane - Hopes And Fears,Kronic.it,Kronic,2004-07-02,unknown,Music reviews,http://www.kronic.it/artGet.aspx?aID=2&sID=10379,85,master-list; not in Squarespace portfolio
Kelis - Tasty,Musicboom.it,MusicBoom,2004-02-28,unknown,Music reviews,http://www.musicboom.it/mostra_recensioni.php?Unico=20040223205726,86,master-list; not in Squarespace portfolio
Kings Of Convenience - Riot On An Empty Street,Dedication.it,Dedication.it,2004-08-14,unknown,Music reviews,http://www.dedication.it/trlist-koc.htm,87,master-list; not in Squarespace portfolio
Korn - See you on the other side,Musicboom.it,MusicBoom,2005-12-29,unknown,Music reviews,http://www.musicboom.it/mostra_recensioni.php?Unico=20051223051950,88,master-list; not in Squarespace portfolio
Limp Bizkit - The Unquestionable Truth Pt. 1,Kronic.it,Kronic,2005-06-01,unknown,Music reviews,http://www.kronic.it/artGet.aspx?aID=2&sID=11850,89,master-list; not in Squarespace portfolio
Loscil - First narrows,Musicboom.it,MusicBoom,2004-09-22,unknown,Music reviews,http://www.musicboom.it/mostra_recensioni.php?Unico=20040913004249,90,master-list; not in Squarespace portfolio
Madrugada - The deep end,Musicboom.it,MusicBoom,2005-10-12,unknown,Music reviews,http://www.musicboom.it/mostra_recensioni.php?Unico=20051011064037,91,master-list; not in Squarespace portfolio
Magnitude Nine - Decoding the soul,Musicboom.it,MusicBoom,2004-03-16,unknown,Music reviews,http://www.musicboom.it/mostra_recensioni.php?Unico=20040303194148,92,master-list; not in Squarespace portfolio
Malevolent Creation - Warkult,Musicboom.it,MusicBoom,2004-07-08,unknown,Music reviews,http://www.musicboom.it/mostra_recensioni.php?Unico=20040705065948,93,master-list; not in Squarespace portfolio
Marmaja - Marmaja,Musicboom.it,MusicBoom,2004-07-02,unknown,Music reviews,http://www.musicboom.it/mostra_recensioni.php?Unico=20040624042342,94,master-list; not in Squarespace portfolio
Megadeth - The system has failed,Musicboom.it,MusicBoom,2004-10-08,unknown,Music reviews,http://www.musicboom.it/mostra_recensioni.php?Unico=20041004002613,95,master-list; not in Squarespace portfolio
Meshuggah - I,Kronic.it,Kronic,2004-08-31,unknown,Music reviews,http://www.kronic.it/artGet.aspx?aID=2&sID=10614,96,master-list; not in Squarespace portfolio
Moist Vagina - Endless Line,Dedication.it,Dedication.it,2004-06-26,unknown,Music reviews,http://www.dedication.it/trlist-moist_vag.htm,97,master-list; not in Squarespace portfolio
Mollouw - 00:56/Kautokeino Desperation,Kronic.it,Kronic,2006-06-26,unknown,Music reviews,http://www.kronic.it/artGet.aspx?aID=2&sID=13569,98,master-list; not in Squarespace portfolio
Monstrosity - Rise to power,Musicboom.it,MusicBoom,2004-04-06,unknown,Music reviews,http://www.musicboom.it/mostra_recensioni.php?Unico=20040328213231,99,master-list; not in Squarespace portfolio
"Napalm Death - Leader, not followers Pt. 2",Musicboom.it,MusicBoom,2004-10-14,unknown,Music reviews,http://www.musicboom.it/mostra_recensioni.php?Unico=20041008024057,100,master-list; not in Squarespace portfolio
"New Year, the - The end is near",Musicboom.it,MusicBoom,2004-12-16,unknown,Music reviews,http://www.musicboom.it/mostra_recensioni.php?Unico=20041216022053,101,master-list; not in Squarespace portfolio
Norma Jean - Redemeer,Kronic.it,Kronic,2007-01-16,unknown,Music reviews,http://www.kronic.it/artGet.aspx?aID=2&sID=14473,102,master-list; not in Squarespace portfolio
"Øye, Erland - DJ kicks",Musicboom.it,MusicBoom,2004-06-23,unknown,Music reviews,http://www.musicboom.it/mostra_recensioni.php?Unico=20040621024001,103,master-list; not in Squarespace portfolio
P.O.D. - Payable on death,Kronic.it,Kronic,2004-01-26,unknown,Music reviews,http://www.kronic.it/artGet.aspx?aID=2&sID=9425,104,master-list; not in Squarespace portfolio
Paatos - Kallocain,Musicboom.it,MusicBoom,2004-05-26,unknown,Music reviews,http://www.musicboom.it/mostra_recensioni.php?Unico=20040620210102,105,master-list; not in Squarespace portfolio
Pan American - Quiet city,Musicboom.it,MusicBoom,2005-01-19,unknown,Music reviews,http://www.musicboom.it/mostra_recensioni.php?Unico=20050115203019,106,master-list; not in Squarespace portfolio
Paradise Lost - Paradise Lost,Musicboom.it,MusicBoom,2005-04-01,unknown,Music reviews,http://www.musicboom.it/mostra_recensioni.php?Unico=20050401022101,107,master-list; not in Squarespace portfolio
Permanent Fatal Erro - Law speed,Musicboom.it,MusicBoom,2004-07-21,unknown,Music reviews,http://www.musicboom.it/mostra_recensioni.php?Unico=20040718063120,108,master-list; not in Squarespace portfolio
Picastro - Red your blues,Musicboom.it,MusicBoom,2004-09-18,unknown,Music reviews,http://www.musicboom.it/mostra_recensioni.php?Unico=20040912195723,109,master-list; not in Squarespace portfolio
Pleasant Grove - The art of leaving,Musicboom.it,MusicBoom,2004-08-09,unknown,Music reviews,http://www.musicboom.it/mostra_recensioni.php?Unico=20040731155222,110,master-list; not in Squarespace portfolio
Poverty's no crime - Chemical chaos,Musicboom.it,MusicBoom,2004-03-19,unknown,Music reviews,http://www.musicboom.it/mostra_recensioni.php?Unico=20040309213114,111,master-list; not in Squarespace portfolio
Prime STH - Beautiful Awakening,RockOn.it,RockOn.it,2004-07-06,unknown,Music reviews,http://www.rockon.it/modules.php?name=Reviews&rop=showcontent&id=658,112,master-list; not in Squarespace portfolio
Quarzo Nero - Ancora Vivo,Dedication.it,Dedication.it,2004-05-04,unknown,Music reviews,http://www.dedication.it/trlist-quarzonero.htm,113,master-list; not in Squarespace portfolio
Queens Of The Stone Age - Lullabies to paralyze,Musicboom.it,MusicBoom,2005-03-29,unknown,Music reviews,http://www.musicboom.it/mostra_recensioni.php?Unico=20050328192929,114,master-list; not in Squarespace portfolio
Raunchy - Death pop romance,Musicboom.it,MusicBoom,2006-08-03,unknown,Music reviews,http://www.musicboom.it/mostra_recensioni.php?Unico=20060627031009,115,master-list; not in Squarespace portfolio
Reflue - Slo-mo,Musicboom.it,MusicBoom,2004-03-10,unknown,Music reviews,http://www.musicboom.it/mostra_recensioni.php?Unico=20040310213355,116,master-list; not in Squarespace portfolio
Relapsed - Into a former state,Kronic.it,Kronic,2006-10-19,unknown,Music reviews,http://www.kronic.it/artGet.aspx?aID=2&sID=14031,117,master-list; not in Squarespace portfolio
Relevant Few - The art of today,Musicboom.it,MusicBoom,2004-07-23,unknown,Music reviews,http://www.musicboom.it/mostra_recensioni.php?Unico=20040718210230,118,master-list; not in Squarespace portfolio
Revolting Cocks - Cocked and loaded,Kronic.it,Kronic,2006-04-05,unknown,Music reviews,http://www.kronic.it/artGet.aspx?aID=2&sID=13150,119,master-list; not in Squarespace portfolio
Riverside - Second life syndrome,Musicboom.it,MusicBoom,2006-02-26,unknown,Music reviews,http://www.musicboom.it/mostra_recensioni.php?Unico=20060201055344,120,master-list; not in Squarespace portfolio
Royksopp - The understanding,Musicboom.it,MusicBoom,2005-09-16,unknown,Music reviews,http://www.musicboom.it/mostra_recensioni.php?Unico=20050915072011,121,master-list; not in Squarespace portfolio
Saga - Remember when (The very best of Saga),Kronic.it,Kronic,2007-02-19,unknown,Music reviews,http://www.kronic.it/artGet.aspx?aID=2&sID=14624,122,master-list; not in Squarespace portfolio
"Saint Germain des Pres Cafe, Vol. 3",Rockshock.it,RockShock.it,2003-09-20,unknown,Music reviews,http://www.rockshock.it/news.asp?id=611,123,master-list; not in Squarespace portfolio
"Schaefer, Janek - Cold storage",Musicboom.it,MusicBoom,2004-10-15,unknown,Music reviews,http://www.musicboom.it/mostra_recensioni.php?Unico=20041008032756,124,master-list; not in Squarespace portfolio
Sevendust - Seasons,Kronic.it,Kronic,2004-01-12,unknown,Music reviews,http://www.kronic.it/artGet.aspx?aID=2&sID=13386,125,master-list; not in Squarespace portfolio
Sigur Ròs - Takk,Musicboom.it,MusicBoom,2005-09-19,unknown,Music reviews,http://www.musicboom.it/mostra_recensioni.php?Unico=20050919052110,126,master-list; not in Squarespace portfolio
Silent Drive - Rock H Design,Nerds Attack !,Nerds Attack!,2003-09-02,unknown,Music reviews,http://www.musicaroma.it/nerds/articolone.asp?ID=557,127,master-list; not in Squarespace portfolio
Silent Drive - Rock H Design,Dedication.it,Dedication.it,2003-08-21,unknown,Music reviews,http://www.dedication.it/trlist-silent_d.htm,128,master-list; not in Squarespace portfolio
Skitsystem - Stigmata,Kronic.it,Kronic,2006-05-20,unknown,Music reviews,http://www.kronic.it/artGet.aspx?aID=2&sID=13386,129,master-list; not in Squarespace portfolio
Slipknot - Vol. 3: (The Subliminal Verses),Musicboom.it,MusicBoom,2004-06-11,unknown,Music reviews,http://www.musicboom.it/mostra_recensioni.php?Unico=20040609040000,130,master-list; not in Squarespace portfolio
Sophia - People Are Like Seasons,Musicboom.it,MusicBoom,2004-01-30,unknown,Music reviews,http://www.musicboom.it/mostra_recensioni.php?Unico=20040130154913,131,master-list; not in Squarespace portfolio
Sophia - People Are Like Seasons,Kronic.it,Kronic,2003-12-29,unknown,Music reviews,http://www.kronic.it/artGet.aspx?aID=2&sID=9295,132,master-list; not in Squarespace portfolio
Sottopelle - Assioma Zero,Dedication.it,Dedication.it,2004-06-05,unknown,Music reviews,http://www.dedication.it/trlist-sottopelle.htm,133,master-list; not in Squarespace portfolio
Soulfly - Darg ages,Musicboom.it,MusicBoom,2005-11-15,unknown,Music reviews,http://www.musicboom.it/mostra_recensioni.php?Unico=20051112194046,134,master-list; not in Squarespace portfolio
Statistics - Leave your name,Musicboom.it,MusicBoom,2004-03-22,unknown,Music reviews,http://www.musicboom.it/mostra_recensioni.php?Unico=20040316221323,135,master-list; not in Squarespace portfolio
Stereolab - Margerine eclipse ,Musicboom.it,MusicBoom,2004-02-29,unknown,Music reviews,http://www.musicboom.it/mostra_recensioni.php?Unico=20040229215450,136,master-list; not in Squarespace portfolio
Stone Sour - Come what(ever) may,Kronic.it,Kronic,2006-10-16,unknown,Music reviews,http://www.kronic.it/artGet.aspx?aID=2&sID=14008,137,master-list; not in Squarespace portfolio
"Streets, the - A grand don't come for free",Musicboom.it,MusicBoom,2004-05-27,unknown,Music reviews,http://www.musicboom.it/mostra_recensioni.php?Unico=20040525041853,138,master-list; not in Squarespace portfolio
"Strokes, the - Room on fire",Musicboom.it,MusicBoom,2003-10-27,unknown,Music reviews,http://www.musicboom.it/mostra_recensioni.php?Unico=20031026103214,139,master-list; not in Squarespace portfolio
Subzero - Suffering of man,Kronic.it,Kronic,2006-04-07,unknown,Music reviews,http://www.kronic.it/artGet.aspx?aID=2&sID=13162,140,master-list; not in Squarespace portfolio
System Of A Down - Mesmerize,Musicboom.it,MusicBoom,2005-05-25,unknown,Music reviews,http://www.musicboom.it/mostra_recensioni.php?Unico=20050524230116,141,master-list; not in Squarespace portfolio
Terror - Always the hard way,Kronic.it,Kronic,2006-11-20,unknown,Music reviews,http://www.kronic.it/artGet.aspx?aID=2&sID=14203,142,master-list; not in Squarespace portfolio
The Psychos - Demo 2003,Dedication.it,Dedication.it,2004-03-06,unknown,Music reviews,http://www.dedication.it/trlist-psychos.htm,143,master-list; not in Squarespace portfolio
Throwdown - Vendetta,Musicboom.it,MusicBoom,2005-12-20,unknown,Music reviews,http://www.musicboom.it/mostra_recensioni.php?Unico=20051113204047,144,master-list; not in Squarespace portfolio
Thyrane - Travesty Of Heavenly Essence,Kronic.it,Kronic,2006-05-10,unknown,Music reviews,http://www.kronic.it/artGet.aspx?aID=2&sID=13334,145,master-list; not in Squarespace portfolio
Tikal - Tikal ,Musicboom.it,MusicBoom,2005-04-16,unknown,Music reviews,http://www.musicboom.it/mostra_recensioni.php?Unico=20050406211943,146,master-list; not in Squarespace portfolio
Tiles - Windows dressing,Musicboom.it,MusicBoom,2004-06-12,unknown,Music reviews,http://www.musicboom.it/mostra_recensioni.php?Unico=20040612033844,147,master-list; not in Squarespace portfolio
Tintozenna - Tintozenna,Musicboom.it,MusicBoom,2004-09-30,unknown,Music reviews,http://www.musicboom.it/mostra_recensioni.php?Unico=20040922062533,148,master-list; not in Squarespace portfolio
Tortoise - It's all around you,Musicboom.it,MusicBoom,2004-04-22,unknown,Music reviews,http://www.musicboom.it/mostra_recensioni.php?Unico=20040420062702,149,master-list; not in Squarespace portfolio
Type O Negative - Life is killing me,Musicboom.it,MusicBoom,2004-01-19,unknown,Music reviews,http://www.musicboom.it/mostra_recensioni.php?Unico=20040117210252,150,master-list; not in Squarespace portfolio
Unearth - III: In The Eyes Of Fire,Kronic.it,Kronic,2006-10-17,unknown,Music reviews,http://www.kronic.it/artGet.aspx?aID=2&sID=14009,151,master-list; not in Squarespace portfolio
Unnamed - The Market Of Stupids,Dedication.it,Dedication.it,2004-07-07,unknown,Music reviews,http://www.dedication.it/trlist-unnamed.htm,152,master-list; not in Squarespace portfolio
Uriah Heep - The ultimate anthology,Musicboom.it,MusicBoom,2005-04-04,unknown,Music reviews,http://www.musicboom.it/mostra_recensioni.php?Unico=20050403193025,153,master-list; not in Squarespace portfolio
Vaux - There Must Be Some Way to Stop Them,Kronic.it,Kronic,2004-03-02,unknown,Music reviews,http://www.kronic.it/artGet.aspx?aID=2&sID=9609,154,master-list; not in Squarespace portfolio
Verdena - Il suicidio dei Samurai,Kronic.it,Kronic,2004-10-30,unknown,Music reviews,http://www.kronic.it/artGet.aspx?aID=2&sID=9449,155,master-list; not in Squarespace portfolio
Warrior Soul - Various,Kronic.it,Kronic,2006-07-31,unknown,Music reviews,http://www.kronic.it/artGet.aspx?aID=2&sID=13712,156,master-list; not in Squarespace portfolio
Wolfmother - Wolfmother,Kronic.it,Kronic,2006-04-03,unknown,Music reviews,http://www.kronic.it/artGet.aspx?aID=2&sID=13138,157,master-list; not in Squarespace portfolio
Zero 7 - When it falls,Kronic.it,Kronic,2004-04-07,unknown,Music reviews,http://www.kronic.it/artGet.aspx?aID=2&sID=9831,158,master-list; not in Squarespace portfolio
Zero 7 - When it falls,Nerds Attack !,Nerds Attack!,2004-04-05,unknown,Music reviews,http://www.musicaroma.it/nerds/articolone.asp?ID=1229,159,master-list; not in Squarespace portfolio
Zero 7 - When it falls,Musicboom.it,MusicBoom,2004-03-15,unknown,Music reviews,http://www.musicboom.it/mostra_recensioni.php?Unico=20040314191406,160,master-list; not in Squarespace portfolio
"Zonaloud - ""Quello Che Vedi",Dedication.it,Dedication.it,2004-06-02,unknown,Music reviews,http://www.dedication.it/trlist-zonaloud.htm,161,master-list; not in Squarespace portfolio
Zu/Spaceways - Radiale,Musicboom.it,MusicBoom,2004-09-11,unknown,Music reviews,http://www.musicboom.it/mostra_recensioni.php?Unico=20040911060225,162,master-list; not in Squarespace portfolio
"Cathedral @ Underworld, London (UK)",Musicboom,MusicBoom,2004-08-07,unknown,Live reports,http://www.musicboom.it/mostra_art.php?categoria=concerti&Unico=20040823053252,3,master-list; not in Squarespace portfolio
"Fony @ Underworld, London (UK)",Musicboom,MusicBoom,2004-04-25,unknown,Live reports,http://www.musicboom.it/mostra_art.php?categoria=concerti&Unico=20040430030109,4,master-list; not in Squarespace portfolio
"Tortoise @ Mean Fiddler, London (UK)",Musicboom,MusicBoom,2004-07-01,unknown,Live reports,http://www.musicboom.it/mostra_art.php?categoria=concerti&Unico=20040705021516,5,master-list; not in Squarespace portfolio
"Entombed @ Garage, London (UK)",Musicboom,MusicBoom,2004-02-08,unknown,Live reports,http://www.musicboom.it/mostra_art.php?categoria=concerti&Unico=20040218193645,6,master-list; not in Squarespace portfolio
"A.M., The @ Barfly, London (UK)",Musicboom,MusicBoom,2003-12-01,unknown,Live reports,http://www.musicboom.it/mostra_art.php?categoria=concerti&Unico=20040107230142,7,master-list; not in Squarespace portfolio
"The Mountaineers + The Killers + The Vanity Set @ Barfky, London (UK)",Musicboom,MusicBoom,2003-10-01,unknown,Live reports,http://www.musicboom.it/mostra_art.php?categoria=concerti&Unico=20031104004224,8,master-list; not in Squarespace portfolio
"Paradise Lost + Deathstars @ Astoria, London (UK)",Kronic,Kronic,2003-11-18,unknown,Live reports,http://www.kronic.it/artGet.aspx?aID=4&sID=200,9,master-list; not in Squarespace portfolio
"Will Haven + Crowbar + Kingsize Blues + Seventh Cross @ Zodiac, Oxford (UK)",Kronic,Kronic,2006-03-30,unknown,Live reports,http://www.kronic.it/artGet.aspx?aID=4&sID=413,10,master-list; not in Squarespace portfolio
"Vaux + We @ Underworld, London (UK)",Kronic,Kronic,2004-03-08,unknown,Live reports,http://www.kronic.it/artGet.aspx?aID=4&sID=242,11,master-list; not in Squarespace portfolio
"Turbonegro @ Mean Fiddler, London (UK)",Kronic,Kronic,2003-12-08,unknown,Live reports,http://www.kronic.it/artGet.aspx?aID=4&sID=213,12,master-list; not in Squarespace portfolio
"A.M., The @ Barfly, London (UK)",Kronic,Kronic,2003-12-01,unknown,Live reports,http://www.kronic.it/artGet.aspx?aID=4&sID=212,13,master-list; not in Squarespace portfolio
"Sophia @ Carling Islington, London (UK)",Kronic,Kronic,2004-03-30,unknown,Live reports,http://www.kronic.it/artGet.aspx?aID=4&sID=259,14,master-list; not in Squarespace portfolio
"Queens Of The Stone Age @  Brixton Academy, London (UK)",Kronic,Kronic,2003-06-22,unknown,Live reports,http://www.kronic.it/artGet.aspx?aID=4&sID=208,15,master-list; not in Squarespace portfolio
"Napalm Death @ Underworld, London (UK)",Kronic,Kronic,2005-01-24,unknown,Live reports,http://www.kronic.it/artGet.aspx?aID=4&sID=337,16,master-list; not in Squarespace portfolio
"Live 8 @ Hyde Park, London (UK)",Kronic,Kronic,2005-07-02,unknown,Live reports,http://www.kronic.it/artGet.aspx?aID=4&sID=379,17,master-list; not in Squarespace portfolio
"Life Of Agony,+ Bloodsimple @ Mean Fiddler, London (UK)",Kronic,Kronic,2005-05-23,unknown,Live reports,http://www.kronic.it/artGet.aspx?aID=4&sID=374,18,master-list; not in Squarespace portfolio
"In Flames + Devildriver + Caliban @ Astoria, London (UK)",Kronic,Kronic,2004-04-25,unknown,Live reports,http://www.kronic.it/artGet.aspx?aID=4&sID=269,19,master-list; not in Squarespace portfolio
"Himsa + Last Hour Of Torment @ Barfly, London (UK)",Kronic,Kronic,2003-08-09,unknown,Live reports,http://www.kronic.it/artGet.aspx?aID=4&sID=163,20,master-list; not in Squarespace portfolio
"Hanoi Rocks @ Shepherd's Bush Empire, London (UK)",Kronic,Kronic,2003-09-30,unknown,Live reports,http://www.kronic.it/artGet.aspx?aID=4&sID=175,21,master-list; not in Squarespace portfolio
"Grandaddy @ Astoria, London (UK)",Kronic,Kronic,2003-06-18,unknown,Live reports,http://www.kronic.it/artGet.aspx?aID=4&sID=211,22,master-list; not in Squarespace portfolio
"Gasolineros @ Water Rats, London (UK)",Kronic,Kronic,2004-02-11,unknown,Live reports,http://www.kronic.it/artGet.aspx?aID=4&sID=231,23,master-list; not in Squarespace portfolio
"NME Awards @ Brixton Academy, London (UK)",Kronic,Kronic,2004-02-07,unknown,Live reports,http://www.kronic.it/artGet.aspx?aID=4&sID=227,24,master-list; not in Squarespace portfolio
"Doomriders + November Coming Fire + Lords + Coliseum @ Underworld, London (UK)",Kronic,Kronic,2006-03-05,unknown,Live reports,http://www.kronic.it/artGet.aspx?aID=4&sID=410,25,master-list; not in Squarespace portfolio
"Deftones + A Perfect Circle @ Wembley Arena, London (UK)",Kronic,Kronic,2003-09-19,unknown,Live reports,http://www.kronic.it/artGet.aspx?aID=4&sID=171,26,master-list; not in Squarespace portfolio
"Cradle Of Filth @ Forum, London (UK)",Kronic,Kronic,2005-04-16,unknown,Live reports,http://www.kronic.it/artGet.aspx?aID=4&sID=360,27,master-list; not in Squarespace portfolio
"Blonde Redhead @ Mean Fiddler, London (UK)",Kronic,Kronic,2004-04-20,unknown,Live reports,http://www.kronic.it/artGet.aspx?aID=4&sID=279,28,master-list; not in Squarespace portfolio
"Jaga Jazzist @ Garage, London (UK)",Dedication.it,Dedication.it,2003-08-01,unknown,Live reports,http://www.dedication.it/jagajazzist.htm,29,master-list; not in Squarespace portfolio
"Himsa + Last Hour Of Torment @ Barfly, London (UK)",Dedication.it,Dedication.it,2003-08-09,unknown,Live reports,http://www.dedication.it/himsa2.htm,30,master-list; not in Squarespace portfolio
"Poison The Well + Thrice + Cult Of Luna @ Garage, London (UK)",Dedication.it,Dedication.it,2003-08-27,unknown,Live reports,http://www.dedication.it/ptw+3+col.htm,31,master-list; not in Squarespace portfolio
"NME Awards @ Brixton Academy, London (UK)",Dedication.it,Dedication.it,2004-02-07,unknown,Live reports,http://www.dedication.it/ffaf_london.htm,32,master-list; not in Squarespace portfolio
"Life Of Agony + Breed77 @ Astoria, London (UK)",Dedication.it,Dedication.it,2003-11-09,unknown,Live reports,http://www.dedication.it/lifeofagony.htm,33,master-list; not in Squarespace portfolio
"Tomahawk + Melvins + Kadaa + Guapo @ Forum, London (UK)",Dedication.it,Dedication.it,2003-07-18,unknown,Live reports,http://www.dedication.it/tomahawk.htm,34,master-list; not in Squarespace portfolio
"Jaga Jazzist @ Garage, London (UK)",Nerds Attack !,Nerds Attack!,2003-08-01,unknown,Live reports,http://www.musicaroma.it/nerds/articolone.asp?ID=561,35,master-list; not in Squarespace portfolio
"Jaga Jazzist @ Garage, London (UK)",RockOn.it,RockOn.it,2003-08-29,unknown,Live reports,http://www.rockon.it/modules.php?name=News&file=article&sid=342,36,master-list; not in Squarespace portfolio
"Parkinsons, the + Divine Brown + Girls On Top @ Metro Club, London (UK)",Nerds Attack !,Nerds Attack!,2004-02-28,unknown,Live reports,http://www.musicaroma.it/nerds/articolone.asp?ID=1146,37,master-list; not in Squarespace portfolio
"Us Maple @ La Palma, Roma (Italy)",Nerds Attack !,Nerds Attack!,2002-10-29,unknown,Live reports,http://www.musicaroma.it/nerds/articolone.asp?ID=90,38,master-list; not in Squarespace portfolio
"Tarwater @ La Palma, Roma (Italy)",,,2002-10-27,unknown,Live reports,http://www.musicaroma.it/nerds/articolone.asp?ID=99,39,master-list; not in Squarespace portfolio
Paatos,Musicboom.it,MusicBoom,2005-05-12,unknown,Interviews,http://www.musicboom.it/mostra_art.php?categoria=interviste&Unico=20040728222918,3,master-list; not in Squarespace portfolio
Kurt Cobain: in morte di un Cristo pop,Musicboom.it,MusicBoom,2005-01-15,unknown,Specials,http://www.musicboom.it/mostra_art.php?categoria=specials&Unico=20040421063145,3,master-list; not in Squarespace portfolio
